INSERT INTO users
VALUES ('user_1', 'password1', 'name1', 'address1', '000-0000-0001');
INSERT INTO users
VALUES ('user_2', 'password2', 'name2', 'address2', '000-0000-0002');
INSERT INTO users
VALUES ('user_3', 'password3', 'name3', 'address3', '000-0000-0003');
INSERT INTO users
VALUES ('user_4', 'password4', 'name4', 'address4', '000-0000-0004');
INSERT INTO users
VALUES ('user_5', 'password5', 'name5', 'address5', '000-0000-0005');
INSERT INTO users
VALUES ('user_6', 'password6', 'name6', 'address6', '000-0000-0006');
INSERT INTO users
VALUES ('user_7', 'password7', 'name7', 'address7', '000-0000-0007');
INSERT INTO users
VALUES ('user_8', 'password8', 'name8', 'address8', '000-0000-0008');
INSERT INTO users
VALUES ('user_9', 'password9', 'name9', 'address9', '000-0000-0009');
INSERT INTO users
VALUES ('user_10', 'password10', 'name10', 'address10', '000-0000-0010');
INSERT INTO users
VALUES ('user_11', 'password11', 'name11', 'address11', '000-0000-0011');
INSERT INTO users
VALUES ('user_12', 'password12', 'name12', 'address12', '000-0000-0012');
INSERT INTO users
VALUES ('user_13', 'password13', 'name13', 'address13', '000-0000-0013');
INSERT INTO users
VALUES ('user_14', 'password14', 'name14', 'address14', '000-0000-0014');
INSERT INTO users
VALUES ('user_15', 'password15', 'name15', 'address15', '000-0000-0015');
INSERT INTO users
VALUES ('user_16', 'password16', 'name16', 'address16', '000-0000-0016');



INSERT INTO accounts
VALUES (1, 'bankname1', 'branch1', 1000001, '田中たかし1');
INSERT INTO accounts
VALUES (2, 'bankname2', 'branch2', 1000002, '田中たかし2');
INSERT INTO accounts
VALUES (3, 'bankname3', 'branch3', 1000003, '田中たかし3');
INSERT INTO accounts
VALUES (4, 'bankname1', 'branch1', 1000004, '田中たかし4');
INSERT INTO accounts
VALUES (5, 'bankname2', 'branch2', 1000005, '田中たかし5');
INSERT INTO accounts
VALUES (6, 'bankname3', 'branch3', 1000006, '田中たかし6');
INSERT INTO accounts
VALUES (7, 'bankname1', 'branch1', 1000007, '田中たかし7');
INSERT INTO accounts
VALUES (8, 'bankname2', 'branch2', 1000008, '田中たかし8');
INSERT INTO accounts
VALUES (9, 'bankname3', 'branch3', 1000009, '田中たかし9');
INSERT INTO accounts
VALUES (10, 'bankname1', 'branch1', 1000010, '田中たかし10');
INSERT INTO accounts
VALUES (11, 'bankname2', 'branch2', 1000011, '田中たかし11');
INSERT INTO accounts
VALUES (12, 'bankname3', 'branch3', 1000012, '田中たかし12');
INSERT INTO accounts
VALUES (13, 'bankname1', 'branch1', 1000013, '田中たかし13');
INSERT INTO accounts
VALUES (14, 'bankname2', 'branch2', 1000014, '田中たかし14');
INSERT INTO accounts
VALUES (15, 'bankname3', 'branch3', 1000015, '田中たかし15');
INSERT INTO accounts
VALUES (16, 'bankname1', 'branch1', 1000016, '田中たかし16');



INSERT INTO products
VALUES (1, 'product1', 99999, 'this is comment', '/image/test1', 'user_1', 1);
INSERT INTO products
VALUES (2, 'product2', 99999, 'this is comment', '/image/test2', 'user_1', 2);
INSERT INTO products
VALUES (3, 'product3', 99999, 'this is comment', '/image/test3', 'user_1', 3);
INSERT INTO products
VALUES (4, 'product4', 99999, 'this is comment', '/image/test4', 'user_1', 4);
INSERT INTO products
VALUES (5, 'product5', 99999, 'this is comment', '/image/test5', 'user_1', 5);
INSERT INTO products
VALUES (6, 'product6', 99999, 'this is comment', '/image/test6', 'user_1', 6);
INSERT INTO products
VALUES (7, 'product7', 99999, 'this is comment', '/image/test7', 'user_1', 7);
INSERT INTO products
VALUES (8, 'product8', 99999, 'this is comment', '/image/test8', 'user_1', 8);
INSERT INTO products
VALUES (9, 'product9', 99999, 'this is comment', '/image/test9', 'user_1', 9);
INSERT INTO products
VALUES (10, 'product10', 99999, 'this is comment', '/image/test10', 'user_1', 10);
INSERT INTO products
VALUES (11, 'product11', 99999, 'this is comment', '/image/test11', 'user_2', 11);
INSERT INTO products
VALUES (12, 'product12', 99999, 'this is comment', '/image/test12', 'user_2', 12);
INSERT INTO products
VALUES (13, 'product13', 99999, 'this is comment', '/image/test13', 'user_2', 13);
INSERT INTO products
VALUES (14, 'product14', 99999, 'this is comment', '/image/test14', 'user_2', 14);
INSERT INTO products
VALUES (15, 'product15', 99999, 'this is comment', '/image/test15', 'user_2', 15);
INSERT INTO products
VALUES (16, 'product16', 99999, 'this is comment', '/image/test16', 'user_2', 16);
INSERT INTO products
VALUES (17, 'product17', 99999, 'this is comment', '/image/test17', 'user_2', 1);
INSERT INTO products
VALUES (18, 'product18', 99999, 'this is comment', '/image/test18', 'user_2', 2);
INSERT INTO products
VALUES (19, 'product19', 99999, 'this is comment', '/image/test19', 'user_2', 3);
INSERT INTO products
VALUES (20, 'product20', 99999, 'this is comment', '/image/test20', 'user_2', 4);
INSERT INTO products
VALUES (21, 'product21', 99999, 'this is comment', '/image/test21', 'user_3', 5);
INSERT INTO products
VALUES (22, 'product22', 99999, 'this is comment', '/image/test22', 'user_4', 6);
INSERT INTO products
VALUES (23, 'product23', 99999, 'this is comment', '/image/test23', 'user_5', 7);
INSERT INTO products
VALUES (24, 'product24', 99999, 'this is comment', '/image/test24', 'user_6', 8);
INSERT INTO products
VALUES (25, 'product25', 99999, 'this is comment', '/image/test25', 'user_7', 9);
INSERT INTO products
VALUES (26, 'product26', 99999, 'this is comment', '/image/test26', 'user_8', 10);
INSERT INTO products
VALUES (27, 'product27', 99999, 'this is comment', '/image/test27', 'user_9', 11);
INSERT INTO products
VALUES (28, 'product28', 99999, 'this is comment', '/image/test28', 'user_10', 12);
INSERT INTO products
VALUES (29, 'product29', 99999, 'this is comment', '/image/test29', 'user_11', 13);
INSERT INTO products
VALUES (30, 'product30', 99999, 'this is comment', '/image/test30', 'user_12', 14);
INSERT INTO products
VALUES (31, 'product31', 99999, 'this is comment', '/image/test31', 'user_13', 15);
INSERT INTO products
VALUES (32, 'product32', 99999, 'this is comment', '/image/test32', 'user_14', 16);



INSERT INTO carts
VALUES ('user_1', 1);
INSERT INTO carts
VALUES ('user_1', 2);
INSERT INTO carts
VALUES ('user_1', 3);
INSERT INTO carts
VALUES ('user_1', 4);
INSERT INTO carts
VALUES ('user_1', 5);
INSERT INTO carts
VALUES ('user_2', 1);
INSERT INTO carts
VALUES ('user_2', 2);
INSERT INTO carts
VALUES ('user_2', 3);
INSERT INTO carts
VALUES ('user_2', 4);
INSERT INTO carts
VALUES ('user_2', 5);


INSERT INTO credit_cards
VALUES (1, '0000000000000001', '9999', '12/25');
INSERT INTO credit_cards
VALUES (2, '0000000000000002', '9999', '12/25');
INSERT INTO credit_cards
VALUES (3, '0000000000000003', '9999', '12/25');
INSERT INTO credit_cards
VALUES (4, '0000000000000004', '9999', '12/25');
INSERT INTO credit_cards
VALUES (5, '0000000000000005', '9999', '12/25');
INSERT INTO credit_cards
VALUES (6, '0000000000000006', '9999', '12/25');
INSERT INTO credit_cards
VALUES (7, '0000000000000007', '9999', '12/25');
INSERT INTO credit_cards
VALUES (8, '0000000000000008', '9999', '12/25');
INSERT INTO credit_cards
VALUES (9, '0000000000000009', '9999', '12/25');
INSERT INTO credit_cards
VALUES (10, '0000000000000010', '9999', '12/25');
INSERT INTO credit_cards
VALUES (11, '0000000000000011', '9999', '12/25');
INSERT INTO credit_cards
VALUES (12, '0000000000000012', '9999', '12/25');
INSERT INTO credit_cards
VALUES (13, '0000000000000013', '9999', '12/25');
INSERT INTO credit_cards
VALUES (14, '0000000000000014', '9999', '12/25');
INSERT INTO credit_cards
VALUES (15, '0000000000000015', '9999', '12/25');
INSERT INTO credit_cards
VALUES (16, '0000000000000016', '9999', '12/25');
INSERT INTO credit_cards
VALUES (17, '0000000000000017', '9999', '12/25');
INSERT INTO credit_cards
VALUES (18, '0000000000000018', '9999', '12/25');
INSERT INTO credit_cards
VALUES (19, '0000000000000019', '9999', '12/25');
INSERT INTO credit_cards
VALUES (20, '0000000000000020', '9999', '12/25');
INSERT INTO credit_cards
VALUES (21, '0000000000000021', '9999', '12/25');
INSERT INTO credit_cards
VALUES (22, '0000000000000022', '9999', '12/25');



INSERT INTO purchases
VALUES (1, '201911011200', 'user_1', 1);
INSERT INTO purchases
VALUES (2, '201911011200', 'user_2', 2);
INSERT INTO purchases
VALUES (3, '201911011200', 'user_3', 3);
INSERT INTO purchases
VALUES (4, '201911011200', 'user_4', 4);
INSERT INTO purchases
VALUES (5, '201911011200', 'user_5', 5);


INSERT INTO purchased_details
VALUES (1, 1, 99999);
INSERT INTO purchased_details
VALUES (1, 2, 99999);
INSERT INTO purchased_details
VALUES (1, 3, 99999);
INSERT INTO purchased_details
VALUES (1, 4, 99999);
INSERT INTO purchased_details
VALUES (1, 5, 99999);
INSERT INTO purchased_details
VALUES (2, 6, 99999);
INSERT INTO purchased_details
VALUES (2, 7, 99999);
INSERT INTO purchased_details
VALUES (2, 8, 99999);
INSERT INTO purchased_details
VALUES (2, 9, 99999);
INSERT INTO purchased_details
VALUES (2, 10, 99999);
INSERT INTO purchased_details
VALUES (3, 11, 99999);
INSERT INTO purchased_details
VALUES (3, 12, 99999);
INSERT INTO purchased_details
VALUES (3, 13, 99999);
INSERT INTO purchased_details
VALUES (3, 14, 99999);
INSERT INTO purchased_details
VALUES (3, 15, 99999);
INSERT INTO purchased_details
VALUES (4, 16, 99999);
INSERT INTO purchased_details
VALUES (4, 17, 99999);
INSERT INTO purchased_details
VALUES (4, 18, 99999);
INSERT INTO purchased_details
VALUES (4, 19, 99999);
INSERT INTO purchased_details
VALUES (4, 20, 99999);
INSERT INTO purchased_details
VALUES (5, 21, 99999);
INSERT INTO purchased_details
VALUES (5, 22, 99999);
INSERT INTO purchased_details
VALUES (5, 23, 99999);
INSERT INTO purchased_details
VALUES (5, 24, 99999);
INSERT INTO purchased_details
VALUES (5, 25, 99999);

